2025-11-27_22-46-57,0,draft.py:2025-11-27_22-46-57
2025-11-27_22-50-06,0,draft.py:2025-11-27_22-50-06
2025-11-27_22-57-57,0,draft.py:2025-11-27_22-57-57
2025-11-27_22-58-04,0,draft.py:2025-11-27_22-57-57
2025-11-27_23-17-54,0,draft.py:2025-11-27_23-17-54
2025-11-27_23-26-04,0,draft.py:2025-11-27_23-17-54
2025-11-27_23-26-58,0,draft.py:2025-11-27_23-26-58
2025-11-27_23-26-59,0,draft.py:2025-11-27_23-26-58
2025-11-28_01-32-24,0,draft.py:2025-11-27_23-26-58
2025-11-28_11-34-43,0,draft.py:2025-11-27_23-26-58
2025-11-28_11-46-00,0,draft.py:2025-11-28_11-46-00
2025-11-28_11-46-49,0,draft.py:2025-11-28_11-46-49
2025-11-28_11-47-06,0,draft.py:2025-11-28_11-46-49
2025-11-28_11-47-11,0,draft.py:2025-11-28_11-47-11
2025-11-28_11-47-13,0,draft.py:2025-11-28_11-47-11
2025-11-28_11-51-03,0,draft.py:2025-11-28_11-51-03
2025-11-28_11-51-19,0,draft.py:2025-11-28_11-51-19
2025-11-28_11-51-45,0,draft.py:2025-11-28_11-51-45
2025-11-28_12-03-57,0,draft.py:2025-11-28_12-03-57
2025-11-28_12-07-52,0,draft.py:2025-11-28_12-03-57
